review ID,review name,reviewer's name,reviewer's profile,review rating,review date,review text,verified purchase,vine customer review of free product,images,image 1,image 2
R6V90OGOEM2ZI," Amazing for eczema flare ups",Shorouq,https://www.amazon.com/gp/profile/amzn1.account.AGIBJM3F765EZA5OMS2EJI6Q3PHA/ref=cm_cr_arp_d_gw_btm?ie=UTF8,5,"February 4, 2020","We tried so many things that did not work with my 6 month old aczema. It kept coming back even after the prescribed creams. We used this for 3 days so far and have amazing results that we noticed immediately after the first use.
I highly recommend trying this. Everyone is different for sure but this one is definitely worth trying!
I'll update if anything changes.",true,false,"https://images-na.ssl-images-amazon.com/images/I/616Zqpll63L.jpg
https://images-na.ssl-images-amazon.com/images/I/61gKObXHOSL.jpg",https://images-na.ssl-images-amazon.com/images/I/616Zqpll63L.jpg,https://images-na.ssl-images-amazon.com/images/I/61gKObXHOSL.jpg
R16BGV5KHMV9QT," Reddened baby face-- and includes sunflower oil!",ali,https://www.amazon.com/gp/profile/amzn1.account.AFO3XEEKK3KE25LQYGIRP536LSAQ/ref=cm_cr_arp_d_gw_btm?ie=UTF8,2,"December 23, 2019","I really wanted this to work. My baby has some combo of cradle cap/eczema on his forehead, but either way, this only seemed to make it redder. I tried it twice before bed over the course of a week-- and his skin just looked more irritated. My Dr recommended mineral oil and after a month of avoiding it (because petroleum product), I finally used food grade (no fragrance) mineral oil last night after baby's bath. His skin looks 10 times better this morning. I guess there is a reason why it's considered the holy grail-- and there is a ton of misinformation about it online.

Another strike against this product is that it includes sunflower oil, which a respected 2016 study found disrupted the ability of newborn's skin to form its protective barrier. See: Cooke A, Cork MJ, Victor S, Campbell M, Danby S, Chittock J, Lavender T. Olive Oil, Sunflower Oil or no Oil for Baby Dry Skin or Massage: A Pilot, Assessor-blinded, Randomized Controlled Trial (the Oil in Baby SkincaRE [OBSeRvE] Study). Acta Derm Venereol. 2015 Nov 9",true,false,,,
R1YSA85QAUNE6K," Only lotion that is working for my baby‚Äôs eczema",Lauren,https://www.amazon.com/gp/profile/amzn1.account.AHTKH73ATRMDMGL5UXUFJQKYBLVQ/ref=cm_cr_arp_d_gw_btm?ie=UTF8,5,"August 10, 2019","I have tried everything from aveeno to cerave to aquaphore to coconut oil to many obscure brands for my baby‚Äôs eczema. The stelatopia line is the only thing that is working. I‚Äôve notice this lotion stays in place very well and is thick. I cut open the tube at the end to use up all the lotion. Clearly try the cheaper lotions first given you‚Äôll be using a lot of this stuff but if those don‚Äôt work, this might be it.",true,false,,,
R286J35D87Q4MZ," This is great stuff for my baby",Lindsey Lou,https://www.amazon.com/gp/profile/amzn1.account.AFX5PGQ7CRBOANYNZUBZVFQL2CKA/ref=cm_cr_arp_d_gw_btm?ie=UTF8,4,"March 30, 2020","I have had a great experience with this product. This product lasts a long time dispite it being a smaller bottle. Burns a little if the eczema has created open sores. Buy a face cream with 2% oatmeal to heal that first. And I recommend keeping your little ones fingernails low. And I also bought some FACE wipes for sensitive skin at Meijer (Dove and Water wipes) since I'm feeding him solid foods now and some fuzz on his clothes stick to his face.Good luck fellow parent xoxoxo ‚ù§Ô∏è

Update: Ended up using cortisone cream from the dollar store and that works the best. It's not a petroleum and it's the cheapest, go figure!",true,false,,,
R17CGIRCQ9BM7R," Irritated skin; great customer service from Mustela",KiraArik,https://www.amazon.com/gp/profile/amzn1.account.AGXNNZJA4KMT5YJWHD62EGBRNELQ/ref=cm_cr_arp_d_gw_btm?ie=UTF8,1,"September 23, 2020","This made my poor baby‚Äôs face break out with a red, bumpy rash. I heard good things about this French company, so I thought I‚Äôd try this product for my baby‚Äôs eczema.

Unfortunately, it seemed to make his skin worse. It cleared up within 24 hours after we stopped using the cream.

Although this didn‚Äôt work as planned, I do appreciate Amazon/Mustela accepting my return. The package states that it‚Äôs gentle for even the most sensitive skin, which wasn‚Äôt the case here.

The company stood behind its product (which is rare); this gives me confidence that this particular cream probably does work for most other babies.

Once I can pinpoint specific ingredients that irritate my baby‚Äôs skin, I‚Äôm happy to return to the Mustela brand to try other products that might work better... this is all because of some really good customer service.",true,false,,,
R1ZQP2MOIL012T," Burned and made eczema worse",LovesT,https://www.amazon.com/gp/profile/amzn1.account.AESXZRQGKKJVQWMZPD5UAUIQVWDQ/ref=cm_cr_arp_d_gw_btm?ie=UTF8,1,"July 28, 2019","I have many allergies with allergic dermatitis around my eyes. So I got this due to its all natural gentle ingredients and that it can be used on eyelids. Well, it burned and made my rash so much worse that I had to get prescription strength hydrocortisone and go on Prednisone to get it to clear up.",true,false,,,
R1PN3AJYFT39XM," Not Just for the Wee Ones",K Dyan,https://www.amazon.com/gp/profile/amzn1.account.AELFYS4DSIXOLEAVLWNIACZVVCSA/ref=cm_cr_arp_d_gw_btm?ie=UTF8,5,"December 24, 2019","I bought this to use on my face, hoping to find a more affordable replacement for Dr. Jart Ceramidin cream. Boy, did it deliver!! I apply at the end of my multi-step skincare routine, after serum and/or face oils, sealing in their benefits and moisturizing effects. It dries smooth on my skin, leaving a matte finish that never feel cakey or dry. It‚Äôs wonderful on its own, or as a priming layer under makeup. I‚Äôll always keep this in stock!",true,false,,,
R16PXGJRQL51XD," Amazing",ARHMama,https://www.amazon.com/gp/profile/amzn1.account.AGKPFTORQ3AGUSEEKQAXRHROACTQ/ref=cm_cr_arp_d_gw_btm?ie=UTF8,5,"December 2, 2020","This is my second purchase for this item. Originally, I bought it for my daughter's eczema on her face and it worked great. This is my go to whenever she has flareups (anywhere, not just her face). I'd rather use this since I was to avoid steroid use. It usually clears it up within a day or so.
I have had dry, peeling, cracked skin on my nose and chin for many years. I have tried numerous creams and lotions over the years to no avail, to include hydrocortisone prescriptions. One day I decided to give this cream a try and almost all of the dry skin ended up peeling off as soon as the product touched my skin. Two days later, my nose and chin are soft and smooth and the dry skin is gone.",true,false,,,
R1KL1I4IGSP1ML," Super effective after one use!",Nicki,https://www.amazon.com/gp/profile/amzn1.account.AF6DVB63SDUB5LHBSU2LJEAQNIYA/ref=cm_cr_arp_d_gw_btm?ie=UTF8,5,"July 11, 2020","This product is a MUST for parents of little ones with eczema. we had tried EVERYTHING short ofsteroids, but nothing worked. Bathtime always ended in tears and our little one's skin was so red and scaly. This product - combined with the brand's bath oil - soothed and softened his skin IN ONE USE! I'm blown away by the product's effectiveness. Bathtime is now fun again!!!",true,false,,,
R3EWY61SZZSUUV," Works well, smooth and scent free!",Allie J. S.,https://www.amazon.com/gp/profile/amzn1.account.AFINFVSLM35KU2RJNQC3AZVINUAA/ref=cm_cr_arp_d_gw_btm?ie=UTF8,5,"November 21, 2019","I have been using the cream on my little ones eczema patch for about a month. Helped to clear it up and also use it to moisturize her face during this cold season and dry season. Cream works great, no scent noticeable and smooth cream. We like it! Works well too! Definitely worth it to keep my little one smooth!",true,false,,,
R3IL0IPP9J6PND," Works!!!!",Greg,https://www.amazon.com/gp/profile/amzn1.account.AFUO2D7MPRO22HFHHZKCYIDPVJ5Q/ref=cm_cr_getr_d_gw_btm?ie=UTF8,5,"October 6, 2020","Best product out there for eczema! My 2 year old has bad eczema all over his body in red patches small and big, all over his ears around his eyes , neck, etc. You name he has it. This has been the only product that he has not scratched his skin. And even after first time use you will notice the difference right away.",true,false,,,
R17GXTJQBFW6R3," A review for adult facial skin",C. Lance,https://www.amazon.com/gp/profile/amzn1.account.AFPPEOSAXG7MZV5AVUENQYCHF3CQ/ref=cm_cr_getr_d_gw_btm?ie=UTF8,3,"July 15, 2020","I bought this for use on my face. It contains good ingredients and does help with dryness/irritation/redness, HOWEVER, it balls up. Even if you don't put anything else underneath or on top of this cream, if you just rub your fingers across the skin after the cream has absorbed, it balls up. For this reason, I can't use this cream.",true,false,,,
R1SCRJYZZ79VCT," Nightly routine must",Holly,https://www.amazon.com/gp/profile/amzn1.account.AEF5Y32FLRK4NAF6JF7AQPCL7FJA/ref=cm_cr_getr_d_gw_btm?ie=UTF8,5,"December 21, 2019","My daughter had such dry, red cheeks. I swear by this brand and am not disappointed by this product! We use it every night before my daughter goes to bed and it helps more than anything else we have tried.
We are a Mustela family through and through!",true,false,,,
R318Z59QAZFWOT," Great for baby and adults!",mpopwoah,https://www.amazon.com/gp/profile/amzn1.account.AGZTOZFVM7NY4XECVI53Y4BR3GNA/ref=cm_cr_getr_d_gw_btm?ie=UTF8,5,"November 18, 2019",I find this works better than the face cream for sensitive skin. This one is thicker and when used with the toner it worked wonders for my baby‚Äôs acne. I even use it for my face.,true,false,,,
R3D8F79TRRR28W," Way to expensive. This is travel size.",c delacruz,https://www.amazon.com/gp/profile/amzn1.account.AEVGRT2IP7XS6Q3I5PGJZFSD4ZOA/ref=cm_cr_getr_d_gw_btm?ie=UTF8,4,"January 13, 2021","For nearly $14 this is why you get. It‚Äôs my fault I didn‚Äôt read the Fl OZ I was assuming it would be larger for the price. It also doesn‚Äôt smell like anything. I heard great things about this so I am going to use it in my newborn who has rough patches but overall but loving the scent, size or the prices for these products.",true,false,https://images-na.ssl-images-amazon.com/images/I/915k85bkYRL.jpg,https://images-na.ssl-images-amazon.com/images/I/915k85bkYRL.jpg,
R25XTHBQUR24BN," Creamer for night",Grazy,https://www.amazon.com/gp/profile/amzn1.account.AHE3SEF7V2KHCAQA5EXKT7LOS6YQ/ref=cm_cr_getr_d_gw_btm?ie=UTF8,5,"July 17, 2020","This is the only creamer i use for my baby at night to prevent eczema. I use this regularly to my baby but only at night because when I tried to use it at day for her, it was not effective. My baby‚Äôs face became drier but when I used it at night for her, my baby‚Äôs face is softer when she wakes up.",true,false,,,
RTNNBQPCKI76G," Purchased for sons baby acne",Angela,https://www.amazon.com/gp/profile/amzn1.account.AFKORK2AWEV6JKA5RLHNS6RTXREA/ref=cm_cr_getr_d_gw_btm?ie=UTF8,5,"August 30, 2019",Purchased for our sons baby acne after reading about it on several blogs via Pinterest. It worked great at getting rid of his baby acne and it did not dry his face out at all.,true,false,,,
R18T36E2K3FFQU," Amazing!",TennesseeBrit,https://www.amazon.com/gp/profile/amzn1.account.AEUGD7ELCWLQCJE7JCCJVOGJV7ZA/ref=cm_cr_getr_d_gw_btm?ie=UTF8,5,"April 11, 2020","It is a bit expensive, and the amount is small that is true. But it works, and it works fast. My son's poor red flaky skin improved after just one application and looked almost normal again after a few days. I am so pleased I decided to give Mustela a try.",true,false,,,
R3BD1LQG8GHKUH," Meh, not worth the money!",Kayl,https://www.amazon.com/gp/profile/amzn1.account.AFSX7TXCHHAXDGPLUC6VVAP7F54A/ref=cm_cr_getr_d_gw_btm?ie=UTF8,3,"January 16, 2021","The actual product is ok, moisturizing but gave my baby acne, after I stopped using it cleared right up! The size of the product is like a trial size... something you should get for free not pay $13 for! Pretty much disappointing on all fronts.",true,false,,,
R99ZV5HHIED30," Amazing",Monika,https://www.amazon.com/gp/profile/amzn1.account.AENIFUCDXYHQJHZRE67S6O6WPPKQ/ref=cm_cr_getr_d_gw_btm?ie=UTF8,5,"July 28, 2020","I rearly write product reviews but this cream does miracles. Within a day it turned my baby's face from red, dry and rashed to beautiful and smooth.
I was getting desperate my baby had what appeared as rash, craddle cap and baby acne at the same time. With this product all gone. Thank uou Mustela!",true,false,,,
R1MN7R0XTU2LDF," Baby Saver!",Brian B Cerezo,https://www.amazon.com/gp/profile/amzn1.account.AH67KJQN66T3UGV3ZPSO4PVJAHKQ/ref=cm_cr_getr_d_gw_btm?ie=UTF8,5,"December 29, 2020",This was a baby saver. Our baby girl had bad cradle cap and this helped so much. Thank god for my wife doing so much research. This helped clear up her head in about a week. Will def buy again.,true,false,,,
R14VDJ3VXT751H," Great",Phil,https://www.amazon.com/gp/profile/amzn1.account.AF4AYT2KDUA3BZUYDOV54XGILQ2A/ref=cm_cr_getr_d_gw_btm?ie=UTF8,5,"October 15, 2019","Alternating this and hydrocortisone really cleared up my baby's eczema, can't say which one helped more. Doesn't have a strong scent and not at all irritating to sensitive skin.",true,false,,,
R38FQEQ0SFEF6D," It cleared my babys face up",babydoc,https://www.amazon.com/gp/profile/amzn1.account.AGWJM6ETHEJ7TJCIWPC4JWFS5ETA/ref=cm_cr_getr_d_gw_btm?ie=UTF8,5,"July 1, 2020",I love the Mustella cream on his face which works very well for his eczema. There is no scent and his face is clear. I used it everyday and it took about 2 weeks to clear.,true,false,,,
R8S6DDNPJHJC," Excelente",Elizabeth shannon,https://www.amazon.com/gp/profile/amzn1.account.AHH5L52CNFZGYQOYUI6FXJZGVX7Q/ref=cm_cr_getr_d_gw_btm?ie=UTF8,5,"October 6, 2020",Esta crema la he usado para mi hijo hace mucho tiempo. Y todav√≠a continuo compr√°ndola. Esta marca es excelente para el mejor cuidado de nuestros hijos.,true,false,,,
R36KJWVEOK86XS," Better than Aveeno",WDG,https://www.amazon.com/gp/profile/amzn1.account.AF76VY2ILITLAXA53SSTDHHKHXHA/ref=cm_cr_getr_d_gw_btm?ie=UTF8,5,"June 10, 2019",Nothing else helps keep my little one's eczema at bay like this used with the cleansing water. We've tried the Aveeno baby eczema line and this stuff works way better for us.,true,false,,,
R2Q8WMU2YABSEM," Good for Cradle Cap",Kelly M.,https://www.amazon.com/gp/profile/amzn1.account.AEH5USTLKEGWYBHIETSU3GLFZ7KQ/ref=cm_cr_getr_d_gw_btm?ie=UTF8,5,"December 24, 2019",This was great for my daughter‚Äôs cradle cap. Also cleared up some eczema on my face!! It‚Äôs a little pricey but worth it.,true,false,,,
RNTFN4EFX1UR0," Pricey",Bbchi,https://www.amazon.com/gp/profile/amzn1.account.AGETIKKNE566EOV7QYPOPGR42LUQ/ref=cm_cr_getr_d_gw_btm?ie=UTF8,3,"November 3, 2020",Not sure if this product is that good or overrated. It‚Äôs pricey and I feel like Aveeno does the same job or even better.,true,false,,,
R84EWPS72Z5VT," Skin saver",sarahc_hunnybee,https://www.amazon.com/gp/profile/amzn1.account.AE32WFQJJSUESP557WXRPMBCPYTQ/ref=cm_cr_getr_d_gw_btm?ie=UTF8,4,"July 23, 2020","I do love this product, which saved my babies rashy red skin, but i dont understand the cost since all other Mustela products come in larger sizes. Still glad i tried it. Wish a larger size for same-ish price",true,false,,,
R1MM5ZU3YL0CX6," This is WAY OVERPRICED",kimberly musial,https://www.amazon.com/gp/profile/amzn1.account.AGAFZAFSL2XOUZYFHIECOB7G5CIQ/ref=cm_cr_getr_d_gw_btm?ie=UTF8,2,"June 22, 2020","Amazon has this tiny tube prices as much as the 6 oz tube, which is what we thought we were getting. Buy elsewhere. The product is great and works.",true,false,,,
R2JC4Z0QRRTL46," Sensitive great product - can be used on whole family",Danielle Couts,https://www.amazon.com/gp/profile/amzn1.account.AHYOETSYGDPHDVIJGDCPDJVMKNCA/ref=cm_cr_getr_d_gw_btm?ie=UTF8,5,"August 3, 2020",No scent - with daily use fights dry skin and red spots - both of my kids have sensitive faces - this has improved their skin,true,false,,,
R2R6WFKHSLFXCO," Amazing product",shirin,https://www.amazon.com/gp/profile/amzn1.account.AEZMECIEJ7CCPMA6ELYZH3CIAKIA/ref=cm_cr_getr_d_gw_btm?ie=UTF8,5,"April 25, 2020","This product is a must have ! My son dry skin got well with few time using this product.
Love the scent",true,false,,,
R2Y9UFN0FW3EDP," Not for my baby....",Yan,https://www.amazon.com/gp/profile/amzn1.account.AGH3A5JSM2IN7IZ6FPSQSK5EMEOA/ref=cm_cr_getr_d_gw_btm?ie=UTF8,2,"December 8, 2020","My baby got eczema on his face and I research all kinds of face cream then decided to buy this because of its high ratings. But this doesn't work at all, even more, my baby will cry and try to escape every time i put the cream on his face.",true,false,,,
R1VJBGD3A08FDR," Great!",2sofakinggreat,https://www.amazon.com/gp/profile/amzn1.account.AGXTJFQBIGK6LAQVCGFA6RP2H4HA/ref=cm_cr_getr_d_gw_btm?ie=UTF8,5,"June 15, 2020",I bought this to use on my very sensitive adult face skin. It works very well. It is moisturizing without being greasy.,true,false,,,
R2ATMKTXV6YA0K," This is an absolute ""must"" for sensitive dry skin!",Sally Hanssen,https://www.amazon.com/gp/profile/amzn1.account.AHXIGYZO5WRZFYQ4GDMLYEW5DJ7Q/ref=cm_cr_getr_d_gw_btm?ie=UTF8,5,"January 14, 2020",This product is a life saver for eczema prone skin. I can moisturize without fear of breakout.,true,false,,,
R4G5Z9YEOPX7C," LOVE IT",Amazon Customer,https://www.amazon.com/gp/profile/amzn1.account.AFE6VAPDRRNZQNK2PEHEQJX6D2DA/ref=cm_cr_getr_d_gw_btm?ie=UTF8,5,"January 27, 2020","My son had horribly dry skin on his forehead and in his eyebrows. I tried so many things including a beeswax and coconut oil mixture however nothing seemed to help. After using this for 3 days morning and night, you never could tell he had an issue a couple days prior.",true,false,,,
R13ZG9JB9C8QSJ," Fantastic perfect consistency",Ilaa,https://www.amazon.com/gp/profile/amzn1.account.AFE2T6F7GQ5NVTCY4GPVU2VFKJHQ/ref=cm_cr_getr_d_gw_btm?ie=UTF8,5,"November 2, 2020",I bought it for my baby but I started to use it too :) it‚Äôs great,true,false,,,
R1Z3PSLZ6GGBLC," Love it!!!",Anna Vanacore,https://www.amazon.com/gp/profile/amzn1.account.AEWJ73LRBHA22P6P7AKI5O5BSSIA/ref=cm_cr_getr_d_gw_btm?ie=UTF8,5,"January 19, 2020",Love it! Love it! Love it! It was amazing for my newborn skin with eczema! It helped moisturize and clear the dry patches. And you can see that after it dries leaves a coat on the skin to prevent dryness!,true,false,,,
R3N1PD9PE8EIEY," Best for our baby",k8wma,https://www.amazon.com/gp/profile/amzn1.account.AEERGOJYREHDAATP5DETOH4DK7XA/ref=cm_cr_getr_d_gw_btm?ie=UTF8,5,"December 22, 2019",Cleared up eczema like nothing else. Highly recommend.,true,false,,,
R118Y6NQU630ED," Excellent moisturizer!",Annika,https://www.amazon.com/gp/profile/amzn1.account.AGRG7RRCWSTDUF3MEZ4TS6DDVYFQ/ref=cm_cr_getr_d_gw_btm?ie=UTF8,5,"December 8, 2019",Highly recommended facial cream. Moisturizer and absorbs quickly. I use it on a mature skin and gets excellent results.,true,false,,,
R2PJ9YRXISVCX," I recommend it",Palmira,https://www.amazon.com/gp/profile/amzn1.account.AFGGXDL5AZXJAOURJ3576EUIIFOA/ref=cm_cr_getr_d_gw_btm?ie=UTF8,5,"February 3, 2021","my baby girl has very sensitive and dry skin, these creams have helped her too much",true,false,,,
RXD97HR88RLOR," EXPIRED!!!!",Somebody,https://www.amazon.com/gp/profile/amzn1.account.AFQN6GHLR32KJ6KSICPU3RHXO7IQ/ref=cm_cr_getr_d_gw_btm?ie=UTF8,1,"October 27, 2020",I received an expired item...I wonder it‚Äôs not working. I‚Äôm so sorry for my baby for not checking it. I really don‚Äôt even think amazon sending expired item.,true,false,,,
R12KA8VYSMRW0G," Love",Logan S.,https://www.amazon.com/gp/profile/amzn1.account.AFPVZQOBHL4RK7OKAZ44ZH3R4A7A/ref=cm_cr_getr_d_gw_btm?ie=UTF8,5,"August 22, 2019",There is no scent because it‚Äôs for sensitive skin. I love all Mustela products!,true,false,,,
R1UBSYCMPUIV1A," The BEST!!!",Amazon Customer,https://www.amazon.com/gp/profile/amzn1.account.AE25CKGE2AJJZEJPUDWA7MCFSOPQ/ref=cm_cr_getr_d_gw_btm?ie=UTF8,5,"June 28, 2019",My baby face cleared up in 2 days!! I love it! She has red dry skin and lots of bumps even on her ears in 2 day days it was all gone. This is a great lotion! Definitely recommend it.,true,false,,,
R1SQ8FJKQI87YV," Works very well!",Amazon Customer,https://www.amazon.com/gp/profile/amzn1.account.AFFHBGSFPLRIFRQ46XDZNFZX5IKA/ref=cm_cr_getr_d_gw_btm?ie=UTF8,5,"June 3, 2019",Always keeps our sons eczema controlled and very hydrating! Only lotion that doesn‚Äôt break him out. We have been using it daily for a year now and will not switch,true,false,,,
R26ES5MLPDKLXR," Amazing Product!",Jen,https://www.amazon.com/gp/profile/amzn1.account.AHF47R7HO2RHD3IIBBMPAFUZNZ7Q/ref=cm_cr_getr_d_gw_btm?ie=UTF8,5,"January 24, 2021",This is an amazing product for babies reddened cheeks. The redness goes away after just a few applications! I can‚Äôt believe I found this product. I‚Äôll be recommending it to all my friends with babies :),true,false,,,
R1WVBC4854RENG," Not a good buy",Tina,https://www.amazon.com/gp/profile/amzn1.account.AGG4UZG3QYHCURE2J7Y3KLV2IS3Q/ref=cm_cr_getr_d_gw_btm?ie=UTF8,1,"January 14, 2021","It doesn't help at all, don‚Äôt buy, you will be disappointed.",true,false,,,
RTN8UH2PAVAM3," Best cream for very dry/pro eczema skin",Sora dolinsky,https://www.amazon.com/gp/profile/amzn1.account.AGD5YQU7MZ43RJ6D5L3HTOP4XYNA/ref=cm_cr_getr_d_gw_btm?ie=UTF8,5,"December 18, 2019",The only cream that helped my daughter,true,false,,,
RVDJ376H41Q7W," Even hubby uses it !!!",Madina,https://www.amazon.com/gp/profile/amzn1.account.AHJCPYMJRJWDIXGUELWASPUQV4PA/ref=cm_cr_getr_d_gw_btm?ie=UTF8,5,"August 30, 2020",It worked for cradle crap lol and now hubby started using it since his other lotion from dry skin doesn‚Äôt work :) everyone happy :),true,false,,,
R2LKIQUEF8L1VP," Returned never received refund",Alexandria P.,https://www.amazon.com/gp/profile/amzn1.account.AFO4POIQOHPMW4NY7F2TW7DYDRWQ/ref=cm_cr_getr_d_gw_btm?ie=UTF8,1,"August 26, 2020",Made my sons eczema worse returned never received refund,true,false,,,
RKYC1P25ZE4RE," Product that Works!",Bebito Bonito,https://www.amazon.com/gp/profile/amzn1.account.AFC6OHTGBP5OPT4PBMYNY4FKL5LQ/ref=cm_cr_getr_d_gw_btm?ie=UTF8,5,"March 10, 2020",Product worked after 2-3 days for our 6-month-old‚Äôs facial eczema.,true,false,,,
RH4S939817BRB," Must‚Äôve changed ingredients",Shanichra,https://www.amazon.com/gp/profile/amzn1.account.AF2YZKXX63VFNF7DCWMCZW2IQ7WA/ref=cm_cr_getr_d_gw_btm?ie=UTF8,1,"October 3, 2020",Mustela hasn‚Äôt been the same for a couple years now I bought this product for years which basically cured my daughters eczema it now fails all expectations smh,true,false,,,
R2Y9KG92LQMNMQ," Works well.",WS,https://www.amazon.com/gp/profile/amzn1.account.AFSV5FAULCSAIYG7PPXSICK6IDXA/ref=cm_cr_getr_d_gw_btm?ie=UTF8,5,"September 5, 2020",Feels good. Works well.,true,false,,,
R1P3ZX5N38TK56," The best product for eczema",Jason S,https://www.amazon.com/gp/profile/amzn1.account.AEVDHMXTAYWRXO7DB5BZ2XBRNFZA/ref=cm_cr_getr_d_gw_btm?ie=UTF8,5,"September 3, 2020",Tried a couple of different products but this one works the best for eczema. Even if it is expensive but I think it worth the money.,true,false,,,
R2CD4WW6GS25GN," Get it together Amazon!",Rachel Knutson,https://www.amazon.com/gp/profile/amzn1.account.AGJ5FVBIJE2DFWFWOJ3BBTM4IKBQ/ref=cm_cr_getr_d_gw_btm?ie=UTF8,4,"July 5, 2020",Box came opened and broken.,true,false,,,
R33A00VMCH6JTJ," Love it",napoleon,https://www.amazon.com/gp/profile/amzn1.account.AHLKWP4QWDEOOVCW3OQWEBGSJ52A/ref=cm_cr_getr_d_gw_btm?ie=UTF8,5,"August 16, 2020",My baby love it ! He have really delicate skin and this lotion is perfect for him,true,false,,,
R2B7NPV8LVIKA3," Nice",kathleen g daigneault,https://www.amazon.com/gp/profile/amzn1.account.AEPVYL6BPLIEGKVZH4S4UFIEREAQ/ref=cm_cr_getr_d_gw_btm?ie=UTF8,5,"March 4, 2020",Love the scent,true,false,,,
R3UIGOJGLR4K2M," Saves us every time!",Irina T,https://www.amazon.com/gp/profile/amzn1.account.AESRIAVTUFXXBBE3ZV3IZSATIJGA/ref=cm_cr_getr_d_gw_btm?ie=UTF8,5,"January 16, 2021",This is the ONLY face cream that helps my little one‚Äôs cheek eczema. The cheekies get soooo red and this cream soothes and relieves the irritation and dryness in no time. Magical!,true,false,,,
R2WZ6IXMGHRN0V," Highly recommend",MikWan,https://www.amazon.com/gp/profile/amzn1.account.AFTOQ64DBKZLSZT5OGJXVOYJQNEA/ref=cm_cr_getr_d_gw_btm?ie=UTF8,5,"August 18, 2020",My baby had eczema on her forhead and cheeks. I tried many different kinds of lotions but nothing helped until this one.,true,false,,,
R3JJFBGW5NIAGY," Not for everyone",Kim,https://www.amazon.com/gp/profile/amzn1.account.AG36A3YWMYWC5ZE6I3TGQPJNOC4A/ref=cm_cr_getr_d_gw_btm?ie=UTF8,1,"February 8, 2020","Made my boy's face red and inflamed- might work for some, just not for him",true,false,,,
R9WN7X0R5LYSP," excellent",Ashfaq49,https://www.amazon.com/gp/profile/amzn1.account.AFGTQSENOOFO6LIAQ2SQWF4VDDOA/ref=cm_cr_getr_d_gw_btm?ie=UTF8,5,"April 17, 2020",excellent,true,false,,,
R1BNLJN0VDOER3," Amazing product",Alexis Rodriguez,https://www.amazon.com/gp/profile/amzn1.account.AH2F4VNPRYLLC7GXIS3UZBM5TUXQ/ref=cm_cr_getr_d_gw_btm?ie=UTF8,5,"July 13, 2020",This works amazing for babies with eczema prone or even dry skin. My baby gets dry checks that turn red and itchy . I tried other popular brands but this is the only one that works.,true,false,,,
R2311BDBWOOCGM," Did not help",Sibish,https://www.amazon.com/gp/profile/amzn1.account.AFEDY3IRJ3KHEGR3AH6Q7MPCU66A/ref=cm_cr_getr_d_gw_btm?ie=UTF8,1,"July 24, 2020",Did not help,true,false,,,
R2VR47RMC8FL3C," Small little tube 1.35 ounces",Crystal,https://www.amazon.com/gp/profile/amzn1.account.AENXHO6XN4P5Y2G5JHHTP3RZIYJA/ref=cm_cr_getr_d_gw_btm?ie=UTF8,2,"May 31, 2019",Package came damaged the seal was broken,true,false,"https://images-na.ssl-images-amazon.com/images/I/610stlyOJ8L.jpg
https://images-na.ssl-images-amazon.com/images/I/71X-tFbUTUL.jpg",https://images-na.ssl-images-amazon.com/images/I/610stlyOJ8L.jpg,https://images-na.ssl-images-amazon.com/images/I/71X-tFbUTUL.jpg
R2FKHMEDOP3ZD1," Nice product but pricey",LarryVet,https://www.amazon.com/gp/profile/amzn1.account.AE2GARET7CIPFHZUCADG3AZR72UA/ref=cm_cr_getr_d_gw_btm?ie=UTF8,5,"August 14, 2019",I swear by this product. My baby seems to get some relief when I use this product on his cheeks as he sometimes gets flares and rashes.,true,false,,,
R3GREX8ZNIL5J," Amazing product !!!",Lisa,https://www.amazon.com/gp/profile/amzn1.account.AE3BQQXUH4QTRF5YHY3IJV3OVQIQ/ref=cm_cr_getr_d_gw_btm?ie=UTF8,5,"October 3, 2019","My babies face was soooo dry and with baby acne .. and within a week , completely cleared up and smooth",true,false,,,
R16MRSC5L9NIE7," Great product but it was expired!",Amazon Customer,https://www.amazon.com/gp/profile/amzn1.account.AFRWKDIZBCB7VMV4RF4RCYZZBY5Q/ref=cm_cr_getr_d_gw_btm?ie=UTF8,1,"January 30, 2021",This product works great but the tube that was sent to me was expired so our daycare had to throw it away. This is the second time this has happened.,true,false,,,
RC2B45GG8IZFH," Brand-worthy!",Gabrielle B. Diaz,https://www.amazon.com/gp/profile/amzn1.account.AHEC5FFSYRCXUUC2X7PVN3Q67NEA/ref=cm_cr_getr_d_gw_btm?ie=UTF8,5,"February 26, 2020",Wrote a review for another of their lotion. Mustela is a good brand overall.,true,false,,,
R3IZOUHAKN7HL3," Great moisturizer",Rehma Cheema,https://www.amazon.com/gp/profile/amzn1.account.AE6JEYRK2LWNGLBMEJHBBOCOC4FA/ref=cm_cr_getr_d_gw_btm?ie=UTF8,5,"September 13, 2019",I use this for my newborn. It is a great moisturizer. It is odorless and a great product overall.,true,false,,,
R156IID8CJDLJ1," It works!",jenna,https://www.amazon.com/gp/profile/amzn1.account.AFKFWHRXO33WT6MEESL3EB2N2XIQ/ref=cm_cr_getr_d_gw_btm?ie=UTF8,5,"May 29, 2020",Definitely works! I never write reviews but I think be helpful to let other potential buyers to know it works! Cleared up my sons dry patches on face in less than two days!,true,false,,,
RNRIPB9P9FOGX," Moisturizes",Penny,https://www.amazon.com/gp/profile/amzn1.account.AEGCU5J6J5BEXOCZ4I72IHRAOA7Q/ref=cm_cr_getr_d_gw_btm?ie=UTF8,5,"September 3, 2019",Perfect for my baby's very sensitive and dry skin.,true,false,,,
R1FOYI8N5NMVVS," Dryness creams for toddlers",DPT,https://www.amazon.com/gp/profile/amzn1.account.AHAIDACRF3WUF5HZKJH5DENFRDZA/ref=cm_cr_getr_d_gw_btm?ie=UTF8,5,"March 22, 2020","Great dryness cream for toddlers skin and for irriation spots or breakouts.
Also great for adults",true,false,,,
R3SE2UW3UC53PY," Works!",Ari,https://www.amazon.com/gp/profile/amzn1.account.AHPEJU3S2UNN3IMRWTGNUWPUPRLA/ref=cm_cr_getr_d_gw_btm?ie=UTF8,5,"October 23, 2020",Cleared up my babys miliaria in a few days. Works great!,true,false,,,
RNP8Y81KGOUE0," Does what it‚Äôs supposed to",Mama of 3,https://www.amazon.com/gp/profile/amzn1.account.AGNJBIXESHDY64GYFAGRAOVQQEQQ/ref=cm_cr_getr_d_gw_btm?ie=UTF8,5,"January 27, 2020",I‚Äôm happy that it works as it should,true,false,,,
R29BTHTXRQKQ9V," Great",Ash G,https://www.amazon.com/gp/profile/amzn1.account.AGGDWCYDBGICUJ253OVLD75WCOPQ/ref=cm_cr_getr_d_gw_btm?ie=UTF8,5,"March 23, 2020",Worked better than aquaphor on my 18mo old‚Äôs facial dry patch. No need for steroids!,true,false,,,
R1K4UOFTIYCYNN," very moisturizing but light and doesn't cause any reaction for sensitive skin",Fallrey,https://www.amazon.com/gp/profile/amzn1.account.AHQI4RD44JMF6WM7GWIMHK5ZIFFQ/ref=cm_cr_getr_d_gw_btm?ie=UTF8,5,"September 15, 2019",I use this on my face and the emollient balm on my body.,true,false,,,
R33PPXX09FZ9FO," On my 3rd tube",Victoria P.,https://www.amazon.com/gp/profile/amzn1.account.AF2NXXIHPLYK77Y3KZ3CB6MU2KNA/ref=cm_cr_getr_d_gw_btm?ie=UTF8,5,"March 8, 2020",This moisturizer works perfectly for my baby who suffers from eczema.,true,false,,,
R25X4LJGLYLJIU," Works quickly!",Amazon Customer,https://www.amazon.com/gp/profile/amzn1.account.AEEE6QETE25FXZIP2ACIHMTJ53PQ/ref=cm_cr_getr_d_gw_btm?ie=UTF8,5,"October 6, 2019",Soothes and clears up eczema on baby cheeks within 24 hours,true,false,,,
R2PHJ9JUIGIOUJ," Excellent!",Courtney C,https://www.amazon.com/gp/profile/amzn1.account.AGELFQCMGMHIHA5NOF7YFH2QDVFQ/ref=cm_cr_getr_d_gw_btm?ie=UTF8,5,"January 11, 2020",This stuff works miracles. Highly recommend.,true,false,,,
R228B7NAT4HCX2," good",Chen,https://www.amazon.com/gp/profile/amzn1.account.AECMM2TMMBN4FL2AJ3PRYR4QKBBQ/ref=cm_cr_getr_d_gw_btm?ie=UTF8,5,"January 20, 2021",The effect is very easy to apply in the next day disappeared,true,false,,,
RC48B6ZK9P52U," Works like magic",Angelica,https://www.amazon.com/gp/profile/amzn1.account.AGBX7H67PW27MTJYZHWUZX6VXDWQ/ref=cm_cr_getr_d_gw_btm?ie=UTF8,5,"July 5, 2020",Works really good,true,false,,,
R1HIHKLIRM3ZFK," Extra Moisturising",Nae Ejobe,https://www.amazon.com/gp/profile/amzn1.account.AFV3MFEKJPFIQGLN7NWPM6PPRTAA/ref=cm_cr_getr_d_gw_btm?ie=UTF8,5,"July 23, 2019",Best thing since slice bread,true,false,,,
R2K91IULQ3HQKD," Pricey and inefficient",Ahmet,https://www.amazon.com/gp/profile/amzn1.account.AESNRSKUV72TTE74N3DRYR57A4SQ/ref=cm_cr_getr_d_gw_btm?ie=UTF8,4,"July 29, 2019",It expensive and useless,true,false,,,
R1P7WRCY8DIVDR," eczema",Amazon Customer,https://www.amazon.com/gp/profile/amzn1.account.AECHE6URNI2OZGZNOHBY6AHL2OZA/ref=cm_cr_getr_d_gw_btm?ie=UTF8,5,"February 6, 2020",Perfect for my daughter with severe eczema,true,false,,,
R10WDRD4FNKHVA," Worth it!",Dayssy Gutierrez,https://www.amazon.com/gp/profile/amzn1.account.AF4QT2CUE7WMYQCI7D3JH7O6MLPA/ref=cm_cr_getr_d_gw_btm?ie=UTF8,5,"December 24, 2019",Worked very well for my son‚Äôs severe facial eczema,true,false,,,
R2T29AFOBS4CYP," Good",May,https://www.amazon.com/gp/profile/amzn1.account.AEGA2L36Y2XSCDBS7ZFPKAMYQYSA/ref=cm_cr_getr_d_gw_btm?ie=UTF8,3,"July 20, 2019",Didn‚Äôt work,true,false,,,
R2BFFHJRAWFFDI," Very nice product for my 1 month baby",Olti,https://www.amazon.com/gp/profile/amzn1.account.AEIFOOZZSFIW5BCW3HGPDZYKD4CQ/ref=cm_cr_getr_d_gw_btm?ie=UTF8,5,"June 13, 2020",Very nice,true,false,,,
R1OUW6PEOI39ZH," Steroid-free option for anyone with eczema, baby or not",Jeddy 3,https://www.amazon.com/gp/profile/amzn1.account.AGVEQVBC3VO5R2D77ARF22JNF6AQ/ref=cm_cr_getr_d_gw_btm?ie=UTF8,5,"May 2, 2019","Steroids like hydrocortisone cream can damage skin over time, even the over-the-counter strength ones. I have occasional horrible eczema flare-ups on my hands due to sun exposure or allergies, and I try to keep steroids to a minimum to avoid the negative effects. This is a really soothing alternative to cortisone cream. I find it just about as effective as my beloved Aveeno eczema therapy, so I alternate them to get the effects of both. If you have eczema, give this a try to reduce your steroid use.",false,true,,,
R2ZJZ77JB8F4ZM," Gently Emollient, Scent-Free",Blake Fraina,https://www.amazon.com/gp/profile/amzn1.account.AGGWCYQLIMFU4J3DYZPH555JGPAQ/ref=cm_cr_getr_d_gw_btm?ie=UTF8,3,"March 9, 2019","I thought this was going to be similar to the zinc oxide cream used for diaper rash. But in actuality, it's just a simple, lightweight moisturizer. It looks and feels very greasy upon initial application, but it absorbs quickly. I tried it on my hands and wouldn't describe it as ultra-hydrating but it is very soothing. Most impressive, though, is that not only does it lack added fragrance, but it doesn't have any scent at all. Not even the vaguely chemical scent you find in many perfume-free skincare products. Literally, moments after applying this, I couldn't smell any sort of lingering aroma on my hands. They just smelled clean. For that alone, I'd say this would be very appropriate for its intended use on infant's skin.",false,true,,,
R1I9EHH243L8KQ," helped my son's sensitive skin",J + W,https://www.amazon.com/gp/profile/amzn1.account.AH2C2OAE2Q2GOAMSCXS3QV6S52MQ/ref=cm_cr_getr_d_gw_btm?ie=UTF8,5,"March 25, 2019",My son has super sensitive skin... I liked this as it was gentle enough to put on his face and neck... Sometimes gets agitation from the clothes he wears where it causes rash or rough skin or from the food he eats or from the pillow he snuggles with. The lotion is not oily or greasy and super light. This absorbed into his skin immediately and it did not cause agitation. I applied this to his face before he went to sleep so his drool wouldn't irritate his skin and it worked wonderfully.,false,true,,,
R3UJT4N10TN4MV," Full of Wonderful Ingredients and Free from Bad Ones",‚õµ‚öìSeas the Day‚öì‚õµ,https://www.amazon.com/gp/profile/amzn1.account.AERFCLGLD3EL7YXTDG7ORCTXFPDA/ref=cm_cr_getr_d_gw_btm?ie=UTF8,5,"June 11, 2019","This is one of the gentlest products that is gentle enough to be used on the face and even around the eyes.

It‚Äôs an amazing product filled with wonderful ingredients and free from bad ones.

Mustela‚Äôs Stelatopia Emollient Face Cream is composed of 97% plant-based ingredients, including:
Sunflower Oil Distillate
Avocado Perseose
Licorice extract
Shea Butter
Ceramides

Our specially formulated emollient face cream is:
Mineral-oil-free
Paraben-free
Phthalate-free
Phenoxyethanol-free
Steroid-free
Hypoallergenic: specially formulated to minimize the risk of allergic reactions
Tested under pediatric and dermatological control",false,true,,,
R3SWVJWMFHG4ZZ," Rich and Nourishing Cream",prisrob,https://www.amazon.com/gp/profile/amzn1.account.AERCZ5DXZ7EZOEIIPSTFLASW7NXQ/ref=cm_cr_getr_d_gw_btm?ie=UTF8,4,"February 18, 2019","Even though I ordered this face cream in error, it is for babies with eczema, it works well for me. It is made with all natural products, licorice, Shea butter, daffodil and avocado oil. It is smooth and rich with no discernible scent.

I used some of the cream on my feet after I washed them, they tend to get flaky and dry in the winter. I placed white socks on my feet over the ream.my feet were warm and moisturized. I also use the cream on my neck and my shoulders. It has been very cold this year, with dry air, and this cream is as rich as it gets. A little baby‚Äôs face would do well with this cream.

Recommended. prisrob 02-18-19",false,true,,,
R3B81W2J8V87I7," Great moisturizer for sensitive skin",voldemortified,https://www.amazon.com/gp/profile/amzn1.account.AE7QX327FYG2YS4OL27GBQABRRDQ/ref=cm_cr_getr_d_gw_btm?ie=UTF8,5,"May 23, 2019","My baby has very sensitive skin, and I'm always careful about what creams I put on his face to moisturize his often-dry cheeks. His skin has reacted poorly to many brands in the past. But this Mustela face cream works wonders. It moisturizes the dry patches, it isn't greasy, and it disappears completely. It works so well and he's never had a problem with it. It basically feels like a lightweight moisturizer but it does the work of a heavy duty one.",false,true,,,
R2TEYZZSO6MW2L," Good for Acne Prone Skin as Well",VIDFAN,https://www.amazon.com/gp/profile/amzn1.account.AH3BXW7KLIS2VAE56UXJS2NS7I5A/ref=cm_cr_getr_d_gw_btm?ie=UTF8,5,"July 8, 2019","Lately I've been having a bout of acne due to food allergies. Though it's made for babies, I found it actually helps clear up my skin. The formula is lightweight, non-greasy and is readily absorbed by my skin with no leftover residue. It's made in France of high quality ingredients so I'm very pleased with it. The tube is small and it's pricey for what you get but it's worth it.",false,true,,,
R1ATQZHZTE7Y2M," Not just for the little ones in your home",üíúI Love Jellybeans,https://www.amazon.com/gp/profile/amzn1.account.AHXMSF4ZL5IUD4QPIWCRQVMFJVGQ/ref=cm_cr_getr_d_gw_btm?ie=UTF8,5,"April 29, 2019","Mustela Stelatopia Emollient Face Cream.
I use this for myself.
Have a condition on my hands that if I use too much hot water I break out.
So much so to the point in the past I have had to get steroid creme to get it back in shape.
Now though I use this product instead if I feel it getting to that point.
Really helps my hands not to get so irritated.
Only need a little bit to get great coverage with this one.
Is a must have in my home now.",false,true,,,
R3SC30W2H7W06E," feels hydrating",Joseph,https://www.amazon.com/gp/profile/amzn1.account.AFJBKPK5W56XWSNPQU2WW66ISWYQ/ref=cm_cr_getr_d_gw_btm?ie=UTF8,4,"February 23, 2019","I have heard good things about mustela lotions from other moms. They seem to be a good brand, but a little too pricey for me. I tend to use more natural things like shea butter and coconut oil, but this seems to be a good lotion for sensitive skin. It felt good on my hands. It is also unscented which is nice.",false,true,,,
R2CWDRPK77KL0L," Soothes sensitive skin",Margaret P.,https://www.amazon.com/gp/profile/amzn1.account.AEN7PLPO2V7XZTDXPOUO2RPQJDMA/ref=cm_cr_getr_d_gw_btm?ie=UTF8,5,"February 17, 2019","This face cream soothes and protects irritated skin. It's hypoallergenic and contains avocado perseose, a concentrate of perseitol and mannoheptulose sugars that protects infants' skin by supporting its natural functions.

The 40 ml or 1.3 fl. oz. tube is small and the value is typical of the many high quality skin care products found in French pharmacies. The expiration date for the tube that I received is well over two years from receipt.",false,true,,,
R2TUEUN1KDUY9F," God cream that will bring some relief to baby‚Äôs skin",Family7,https://www.amazon.com/gp/profile/amzn1.account.AHMHVDFCHPQWOUNSBKF6UZWMN7HA/ref=cm_cr_getr_d_gw_btm?ie=UTF8,4,"March 6, 2019","This going on very nicely on my son‚Äôs face. It is slightly shiny when first out on but not too greasy. My son‚Äôs face is extremely dry this winter so this, more on the natural end cream, comes in very handy. It doesn‚Äôt burn him nor bother him. He didn‚Äôt get any type of reactions from it or allergies. It seems to make his face softer and puts in more moisture, however I wouldn‚Äôt say that it is a solution for dry skin, more so temporary relief.",false,true,,,
R1JDSWOI827DKI," Not Just for Babies",PATOLA,https://www.amazon.com/gp/profile/amzn1.account.AEFDPLIGGYUDWTO7LJ5MROGPBGKQ/ref=cm_cr_getr_d_gw_btm?ie=UTF8,5,"February 18, 2019","Although this is marketed for baby's face, I am using it on a patch of eczema on my arm and a little rash on my granddaughter's knee. Although it doesn't clear the rashes, it is making both of our issues less troublesome.

It is a gentle cream that is highly moisturizing without being greasy. It is quick absorption and keep our skin moisturized for hours so it doesn't need to be applied repeatedly throughout the day.",false,true,,,
RGMRX0AAV67JF," excellent face cream",üíöTosaTatüíö,https://www.amazon.com/gp/profile/amzn1.account.AG67XIHJFH6MGVL7I735Z7P7JO7Q/ref=cm_cr_getr_d_gw_btm?ie=UTF8,5,"February 18, 2019","This is a plant based emollient face cream for babies, but I am using it. Adults can use it too. It is especially good for red, dry or rashy skin. No petrolatum or mineral oil or parabens. This definitely moisturizes skin without being greasy. This soaks in nicely. This is unscented too, so if you have allergies you would probably be able to use it. I am glad it does not bother my allergies. Made in France, the is high quality.",false,true,,,
R31J7Y5078SYH2," Works well to moisturize.",AshertopiA,https://www.amazon.com/gp/profile/amzn1.account.AHUMEUQOSSCERONMH72LEVXZZQBA/ref=cm_cr_getr_d_gw_btm?ie=UTF8,5,"October 19, 2020",I really liked Mustela Stelatopia - Emollient Baby Face Cream - For Eczema-Prone Skin - with Natural Avocado & Cera. It worked really well. Works great. Non irritating. Fragrance is very natural smelling. I'm happy with this. I would definitely recommend this.,false,true,,,
R36ZAHVVTIAAT3," Excellent product to help treat eczema",Nate,https://www.amazon.com/gp/profile/amzn1.account.AGQ5ERLI2VUZVYLQV5WYJ5TLGVYA/ref=cm_cr_getr_d_gw_btm?ie=UTF8,5,"May 25, 2019",My son is prone to eczema--particularly on one side of his leg--so we have been applying this daily (for over a month now) to the area and it really does seem to soothe his skin and reduce the inflammation. I'm really impressed with this product. I like that it is fragrance free and made with natural ingredients. Highly recommended! Thank you!,false,true,,,
R11EGF0KQ6QZSI," Wonderful for eczema relief, not just for babies or faces!",Quickbeam,https://www.amazon.com/gp/profile/amzn1.account.AFEHRYTXIBV7EMUMZRULYYC65KGA/ref=cm_cr_getr_d_gw_btm?ie=UTF8,5,"February 27, 2019",I have some nearly permanent eczema areas on my ankles. Not a baby and it‚Äôs not my face....but this cream is the best at soothing and moisturizing my itrritated areas. It isn‚Äôt greasy at all and is very soothing. It just about eliminates the itch of eczema. I think it works very well and cuts down my use of steroid creams. Handy tube size.,false,true,,,
R2RH4A1X70RDQX," Scent is Very Strong",loveguitar,https://www.amazon.com/gp/profile/amzn1.account.AEYVPPWR4CIKWX4BGYKCBCDL2CZQ/ref=cm_cr_getr_d_gw_btm?ie=UTF8,3,"February 28, 2019","This cream is supposed to go on your face, but it smells so strong that I don't want it near my face. And, I really didn't find it all that moisturizing either. I had to go over it with a better quality moisturizer. I think it's too pricey for what you get.",false,true,,,
R1Z02GDB9OG1RZ," great lotion",Matt,https://www.amazon.com/gp/profile/amzn1.account.AE4HVZMIZTWNFABHSXMEOQ7RHCIA/ref=cm_cr_getr_d_gw_btm?ie=UTF8,5,"May 6, 2019","This great lotion. It goes on thick and smooth and absorbs completely. It leaves the skin soft and helps with the eczema outbreaks and after a few days the skin is completely back to normal. It has a very discreet scent that is barely noticeable. Overall, it's great facial lotion.",false,true,,,
R2BJ2XOA9CRFMB," Not just for babies ... works great on kids, teens, and adults.",MomtoBoys,https://www.amazon.com/gp/profile/amzn1.account.AE3D5BI65SIK5DME6SIJGYQ2PPWQ/ref=cm_cr_getr_d_gw_btm?ie=UTF8,4,"March 21, 2019","My son struggles with eczema on his face, so we try to keep it under control with the least amount of medicine. This works great at keeping the skin moisturized, and slowing down the irritation when it starts to flare. I recommend this as one option in your first line of defense.",false,true,,,
RCZ311XO9JAVL," Good stuff",Mrs. ChaCha,https://www.amazon.com/gp/profile/amzn1.account.AG346CLMEQK2X5723OKYZ3XV4ZAQ/ref=cm_cr_getr_d_gw_btm?ie=UTF8,4,"September 21, 2019","I like this cream, it is easily applied and helps my daughter's eczema. I have tried many different things to ease her discomfort and nothing really worked. This is the first thing that I have used that I feel is really helping to heal.",false,true,,,
R11A88HDZ832M1," This product works!!",Amazon Customer,https://www.amazon.com/gp/profile/amzn1.account.AE6AQOFDDGQ6U5ZUBFYWAL6ZZK7Q/ref=cm_cr_getr_d_gw_btm?ie=UTF8,5,"February 24, 2020","My 5 month old has been battling really bad eczema on her cheeks and i have used everything! Aveeno products, aquafor, vaseline, coconut oil, & hydrocortisone and her eczema just kept coming back. Until i read about Mutsela, it is an alternative for hydrocortisone cream and works like magic and it smells amazing! I am so grateful for this product it works instantly! 10/10 definitely recommend.",false,false,,,
R1JR4E1NXD29XC," Left our toddler with fine bumps all over",Amazon Customer,https://www.amazon.com/gp/profile/amzn1.account.AGZ5IHNBWEIQRLTFDJJFLS4XIPTA/ref=cm_cr_getr_d_gw_btm?ie=UTF8,1,"January 25, 2021","We‚Äôve used the micellar water, love hydra Bebe. We tried this one because our local Target ran out. Our kiddo already suffers from eczema but once we used this cream, it broke him out in hives. Definitely returning.",false,false,,,
R3O4OIE92DUUGK," Works great",Oceania,https://www.amazon.com/gp/profile/amzn1.account.AHDHMZY6BISTX6GOJZFJKQE3QCIQ/ref=cm_cr_getr_d_gw_btm?ie=UTF8,5,"March 25, 2019","I used this on my face on a whim this winter and found out that not only is it great for my baby, but it‚Äôs excellent for my dry flaky skin - AND it doubles as a makeup primer that leaves my foundation looking great. Love this!",false,true,,,
R1T6454731V2E6," Very Good Moisturizing Cream",Katawampas,https://www.amazon.com/gp/profile/amzn1.account.AHLF3H7O2PUJCERQI4557MCJRCAQ/ref=cm_cr_getr_d_gw_btm?ie=UTF8,5,"February 17, 2019",This is a very good moisturizing cream. It is meant for a baby‚Äôs face but I am using this on my hands and neck ‚Äì works great ‚Äì it‚Äôs not too greasy but very moisturizing. The ingredients are natural & it is unscented. This is made in France.,false,true,,,
R34YOAJP48YDM6," It's very gentle. No adverse effects. Very neutral.",Reviewer,https://www.amazon.com/gp/profile/amzn1.account.AEJGJIYOWI6YAZO7HMYQ3CQWGACA/ref=cm_cr_getr_d_gw_btm?ie=UTF8,4,"March 19, 2019",I use this on her face when she gets a little breakout and it seems to help. It's very gentle. No adverse effects. Very neutral.,false,true,,,
R1ZJTZ82SPMO53," Not too dry",Amazon Customer,https://www.amazon.com/gp/profile/amzn1.account.AHP4THGKGEMMFW5AKEAZLQLEMNSA/ref=cm_cr_getr_d_gw_btm?ie=UTF8,4,"February 20, 2019",Nice face cream. I applied it last night after washing my face and it felt good going on--not too dry and not too wet. I will be using this every night.,false,true,,,
R9KH6IUR2RKVR," Highly recommend",Lawtooth,https://www.amazon.com/gp/profile/amzn1.account.AEICRE646RXO64BTSRT4HQJS7HDA/ref=cm_cr_getr_d_gw_btm?ie=UTF8,5,"June 27, 2019",Gentle but very moisturizing. Helps with chapped skin.,false,true,,,
R28DE47WZWKCLN," Works well",chris s,https://www.amazon.com/gp/profile/amzn1.account.AFOLR7F6EKLHFLDXEAJS3Y7O2LKQ/ref=cm_cr_getr_d_gw_btm?ie=UTF8,5,"April 27, 2019","Took some time to review this as I wanted to make sure it worked. It seems to be the only cream that‚Äôs effectively controlled our little ones eczema. It‚Äôs pricey but worked well.

We tried regular baby lotion, eucerin, aquaphor and even some prescription lotion.",true,false,,,
R3SSFDNEAGEZM0," Need improvement for the packing, not user friendly, cream is good",Vi Lu,https://www.amazon.com/gp/profile/amzn1.account.AGB6XLZMDO7XR4SG7TQFMUKRITNA/ref=cm_cr_getr_d_gw_btm?ie=UTF8,3,"April 6, 2020","Doesn‚Äôt smell, work good on my baby skin. The only reason I give three start is because the package tube is so hard to get the product out. I have the cut the tube open and get the cream out and put in a container to use it! Also when I squeeze it, the back part of the packaging opens! And cream cake out from the back......... need some improvement on the packaging! Cream is good tho",true,false,,,
R63OS3MPZTK4B," mustela cream",Alla S.,https://www.amazon.com/gp/profile/amzn1.account.AGOJKSBMQP5X3HV7FC7DSX3LFPGQ/ref=cm_cr_getr_d_gw_btm?ie=UTF8,4,"August 25, 2019","The tube was small sized and convenient to use. This cream was scentless (which I actually preferred since I'm sensitive to strong fragrances) and gentle on my very dry skin. It was slightly greasy but absorbed very quickly. It didn't irritate my skin, and I found it to be hydrating and light weight.",false,true,,,